model,setting,a,b,c,p_value
qwen05,zs,zs_en,82,45,0.0013073851234999892
qwen05,fs,fs_en,173,164,0.6630544008349496
qwen05,cot,cot_en,85,41,0.00011021131111835157
qwen15,zs,zs_en,32,3,4.176981747150421e-07
qwen15,fs,fs_en,190,93,8.312659414835098e-09
qwen15,cot,cot_en,112,99,0.4087993992384927
